Timestamp,Heart Rate,Latitude,Longitude,Altitude,Speed(m/s),Sport Mode
2025-04-14 10:52:52,72,33.40694542506181,-111.9482207256824,354.5214630626142,0.0,0
2025-04-14 10:52:53,73,33.40693766906872,-111.94821984638496,354.53396375570446,0.0,0
2025-04-14 10:52:54,74,33.406931235392776,-111.9482195822106,354.53741108905524,0.0,0
2025-04-14 10:52:55,75,33.406916692101845,-111.94820535989847,354.5377559084445,1.0323095321655138,0
2025-04-14 10:52:56,76,33.40691085219355,-111.94820722122114,354.53779029659927,0.0,0
2025-04-14 10:52:57,77,33.406897165095955,-111.94820249128176,354.53779374435544,0.0,0
2025-04-14 10:52:58,78,33.40688797338254,-111.94819739971287,354.5377940889448,0.0,0
2025-04-14 10:52:59,79,33.40687704070705,-111.94819413142862,354.5377941234037,0.0,0
2025-04-14 10:53:00,79,33.40686076566105,-111.94819351074278,354.53779412806034,0.0,0
2025-04-14 10:53:01,78,33.40685514087681,-111.94819240097138,354.537794127129,0.0,0
2025-04-14 10:53:02,76,33.40684456524927,-111.94817928908478,354.53779411315884,0.0,0
2025-04-14 10:53:03,74,33.40684456524936,-111.94817928908478,354.5377941261977,0.0,0
2025-04-14 10:53:04,73,33.40684718963191,-111.9481837121586,354.5377941131592,-1.0,0
2025-04-14 10:53:05,73,33.4068454061356,-111.9481834987293,354.5377941131592,0.0,0
2025-04-14 10:53:06,72,33.40684540613568,-111.9481834987293,354.5377941261977,0.0,0
2025-04-14 10:53:07,73,33.406841654676235,-111.9481825271668,354.537794127129,0.0,0
2025-04-14 10:53:08,73,33.40684304086023,-111.94818112925932,354.537794127129,0.0,0
2025-04-14 10:53:09,74,33.40684672128331,-111.94817673291408,354.53779412899166,0.0,0
2025-04-14 10:53:10,76,33.40684314623794,-111.94817070212717,354.5377941261977,0.0,0
2025-04-14 10:53:11,78,33.40683679797291,-111.94816376321423,354.537794129923,0.0,0
2025-04-14 10:53:12,81,33.40682606800996,-111.94816096214012,354.5377941261977,0.0,0
2025-04-14 10:53:13,82,33.40682366993804,-111.94815865621779,354.53779412899166,0.0,0
2025-04-14 10:53:14,83,33.40681145093872,-111.94815360458584,354.53779412806034,0.0,0
2025-04-14 10:53:15,83,33.40681145093872,-111.94815360458584,354.53779412806034,0.0,0
2025-04-14 10:53:16,83,33.40681145093872,-111.94815360458584,354.53779412806034,0.0,0
2025-04-14 10:53:17,84,33.40681145093872,-111.94815360458584,354.53779412806034,0.0,0
2025-04-14 10:53:18,85,33.40681145093872,-111.94815360458584,354.53779412806034,0.0,0
2025-04-14 10:53:19,87,33.40681145093872,-111.94815360458584,354.53779412806034,0.0,0
2025-04-14 10:53:20,88,33.40681145093872,-111.94815360458584,354.53779412806034,0.0,0
2025-04-14 10:53:21,90,33.40681145093872,-111.94815360458584,354.53779412806034,0.0,0
2025-04-14 10:53:22,92,33.40681145093872,-111.94815360458584,354.53779412806034,0.0,0
2025-04-14 10:53:23,92,33.40681145093872,-111.94815360458584,354.53779412806034,0.0,0
2025-04-14 10:53:24,94,33.40681145093872,-111.94815360458584,354.53779412806034,0.0,0
2025-04-14 10:53:25,96,33.40681145093872,-111.94815360458584,354.53779412806034,0.0,0
2025-04-14 10:53:26,98,33.40681145093872,-111.94815360458584,354.53779412806034,0.0,0
2025-04-14 10:53:27,100,33.40681145093872,-111.94815360458584,354.53779412806034,0.0,0
2025-04-14 10:53:28,101,33.40681145093872,-111.94815360458584,354.53779412806034,0.0,0
2025-04-14 10:53:29,101,33.40681145093872,-111.94815360458584,354.53779412806034,0.0,0
2025-04-14 10:53:30,101,33.40681145093872,-111.94815360458584,354.53779412806034,0.0,0
2025-04-14 10:53:31,100,33.40681145093872,-111.94815360458584,354.53779412806034,0.0,0
2025-04-14 10:53:32,100,33.40681145093872,-111.94815360458584,354.53779412806034,0.0,0
2025-04-14 10:53:33,99,33.40681145093872,-111.94815360458584,354.53779412806034,0.0,0
2025-04-14 10:53:34,99,33.40651565141376,-111.94823029682372,358.3127248572963,-1.0,0
2025-04-14 10:53:35,98,33.40651565141376,-111.94823029682372,358.3127248572963,-1.0,0
2025-04-14 10:53:36,98,33.40651565141376,-111.94823029682372,358.3127248572963,-1.0,0
2025-04-14 10:53:37,97,33.40651565141376,-111.94823029682372,358.3127248572963,-1.0,0
2025-04-14 10:53:38,97,33.40651565141376,-111.94823029682372,358.3127248572963,-1.0,0
2025-04-14 10:53:39,97,33.40651565141376,-111.94823029682372,358.3127248572963,-1.0,0
2025-04-14 10:53:40,97,33.40651565141376,-111.94823029682372,358.3127248572963,-1.0,0
2025-04-14 10:53:41,97,33.40651565141376,-111.94823029682372,358.3127248572963,-1.0,0
2025-04-14 10:53:42,98,33.40651565141376,-111.94823029682372,358.3127248572963,-1.0,0
2025-04-14 10:53:43,99,33.40651565141376,-111.94823029682372,358.3127248572963,-1.0,0
2025-04-14 10:53:44,99,33.40651565141376,-111.94823029682372,358.3127248572963,-1.0,0
2025-04-14 10:53:45,100,33.40649626371388,-111.94821420525184,358.3128412055629,-1.0,0
2025-04-14 10:53:46,100,33.40649626371388,-111.94821420525184,358.3128412055629,-1.0,0
2025-04-14 10:53:47,99,33.40649626371388,-111.94821420525184,358.3128412055629,-1.0,0
2025-04-14 10:53:48,99,33.40649626371388,-111.94821420525184,358.3128412055629,-1.0,0
2025-04-14 10:53:49,98,33.40649626371388,-111.94821420525184,358.3128412055629,-1.0,0
2025-04-14 10:53:50,97,33.40649626371388,-111.94821420525184,358.3128412055629,-1.0,0
2025-04-14 10:53:51,97,33.40649626371388,-111.94821420525184,358.3128412055629,-1.0,0
2025-04-14 10:53:52,97,33.40649626371388,-111.94821420525184,358.3128412055629,-1.0,0
2025-04-14 10:53:53,97,33.40649626371388,-111.94821420525184,358.3128412055629,-1.0,0
2025-04-14 10:53:54,96,33.40656262889387,-111.94810773191035,354.1086811205498,-1.0,0
2025-04-14 10:53:55,95,33.40656262889387,-111.94810773191035,354.1086811205498,-1.0,0
2025-04-14 10:53:56,94,33.40656262889387,-111.94810773191035,354.1086811205498,-1.0,0
2025-04-14 10:53:57,93,33.40656262889387,-111.94810773191035,354.1086811205498,-1.0,0
2025-04-14 10:53:58,92,33.40656262889387,-111.94810773191035,354.1086811205498,-1.0,0
2025-04-14 10:53:59,92,33.40656262889387,-111.94810773191035,354.1086811205498,-1.0,0
2025-04-14 10:54:00,93,33.40656262889387,-111.94810773191035,354.1086811205498,-1.0,0
2025-04-14 10:54:01,94,33.406604647460284,-111.94803013185991,355.4109430167652,-1.0,0
2025-04-14 10:54:02,95,33.406604647460284,-111.94803013185991,355.4109430167652,-1.0,0
2025-04-14 10:54:03,96,33.40679300781724,-111.94814596960698,354.5377941131592,1.6094529628753662,0
2025-04-14 10:54:04,97,33.40680528603504,-111.94813674963757,354.53779433015734,1.609452962875315,0
2025-04-14 10:54:05,98,33.406840359184045,-111.94812832586942,354.5377948358655,3.0007956027981275,0
2025-04-14 10:54:06,99,33.40678842681096,-111.94805356665236,354.53779483772814,3.0007956027981275,0
2025-04-14 10:54:07,100,33.40678989823988,-111.94805292680478,354.5377948889509,3.109790802001581,0
2025-04-14 10:54:08,100,33.406832649443295,-111.9480581660272,354.5377952642739,3.800480365752494,0
2025-04-14 10:54:09,101,33.406885702793524,-111.94804659559091,354.5377962067723,5.139558315275419,0
2025-04-14 10:54:10,100,33.40686995485827,-111.94792039046719,354.04891355894506,5.971897428691729,0
2025-04-14 10:54:11,100,33.406934948440046,-111.94793715314589,353.6799583481625,6.33488922364439,0
2025-04-14 10:54:12,99,33.40699215684477,-111.94790313486934,352.53911181446165,6.2773221673008885,0
2025-04-14 10:54:13,98,33.40705574184751,-111.94781825494772,352.281819072552,6.336752367795729,0
2025-04-14 10:54:14,97,33.4071048213247,-111.94781814023874,352.58127041347325,5.416659095283969,0
2025-04-14 10:54:15,97,33.407149624227614,-111.94781803552593,353.17224200163037,5.096977554473373,0
2025-04-14 10:54:16,97,33.40719075264133,-111.94781793940052,353.53094793856144,4.821148734605497,0
2025-04-14 10:54:17,98,33.40722862659837,-111.94781785088084,353.67319270409644,4.391807314287691,0
2025-04-14 10:54:18,99,33.407249995343314,-111.94781780093672,353.521769547835,3.5958373676330972,0
2025-04-14 10:54:19,99,33.407259646060666,-111.94781777837862,352.8292446518317,2.3739658873716856,0
2025-04-14 10:54:20,100,33.40725219843625,-111.94782796582304,353.0728679532185,0.7274435326665692,0
2025-04-14 10:54:21,99,33.40724439966485,-111.94781781401356,353.0372994756326,0.056635912319303844,0
2025-04-14 10:54:22,99,33.407242176930865,-111.94781781920848,352.97729626949877,0.040740694790527505,0
2025-04-14 10:54:23,98,33.40724240508054,-111.94781781867557,353.07989217340946,0.33634129268101753,0
2025-04-14 10:54:24,97,33.40724122913657,-111.9478178214244,353.2106955163181,0.14109164291323772,0
2025-04-14 10:54:25,97,33.407237230865505,-111.94781783076843,352.9381836587563,0.05207277297934135,0
2025-04-14 10:54:26,96,33.40723702004425,-111.94781783126211,353.2468030946329,0.02811808296453284,0
2025-04-14 10:54:27,97,33.40723626947965,-111.94781783301602,353.1496440824121,0.0,0
2025-04-14 10:54:28,98,33.40723626947965,-111.94781783301607,353.1496440824121,0.0,0
2025-04-14 10:54:29,100,33.40723927282351,-111.94781782599647,353.12863729707897,0.10833984636826759,0
2025-04-14 10:54:30,102,33.40723941784055,-111.94781782565752,353.11699878051877,0.0,0
2025-04-14 10:54:31,102,33.40723941784055,-111.94781782565752,353.11699878051877,0.0,0
2025-04-14 10:54:32,102,33.40723655079279,-111.94781783235739,352.76113458909094,0.05855247258031971,0
2025-04-14 10:54:33,101,33.40723669755991,-111.9478178320145,352.8160342266783,0.12429666419350786,0
2025-04-14 10:54:34,100,33.40723556168692,-111.94781783466944,352.85076346900314,0.08930280415369475,0
2025-04-14 10:54:35,98,33.407235016369015,-111.947817835944,352.87062776461244,0.0,0
2025-04-14 10:54:36,97,33.407234885457605,-111.9478178362498,352.81513231247663,0.1282426643942027,0
2025-04-14 10:54:37,95,33.407234709854954,-111.94781783666039,352.8720190525055,0.15717663875647978,0
2025-04-14 10:54:38,95,33.407233859146444,-111.94781783864875,352.8841687189415,0.024287777464400407,0
2025-04-14 10:54:39,95,33.40723319971073,-111.9478178401896,352.7603002442047,0.05065263964758463,0
2025-04-14 10:54:40,97,33.407233008477355,-111.94781784063689,352.8771208822727,0.10036989185800872,0
2025-04-14 10:54:41,99,33.40723245561889,-111.94792262295452,352.8507941234857,0.037958111872264416,0
2025-04-14 10:54:42,100,33.40723466777388,-111.94792281705121,353.0437972750515,0.21982991206067626,0
2025-04-14 10:54:43,101,33.40723463440408,-111.94792436182607,352.9158028084785,0.1373552100330462,0
2025-04-14 10:54:44,102,33.40723409450745,-111.94792390457651,353.0269280867651,0.15337792526768484,0
2025-04-14 10:54:45,101,33.40723383263619,-111.94792444479329,352.9013479249552,0.06065782956231423,0
2025-04-14 10:54:46,101,33.40723667046628,-111.94792364946944,352.8912507686764,0.1790744986569337,0
2025-04-14 10:54:47,101,33.4072459908858,-111.94791416692611,352.8637057552114,0.3243279696519965,0
2025-04-14 10:54:48,101,33.40725727460305,-111.94788713788375,351.41080050263554,1.0813576972538708,0
2025-04-14 10:54:49,102,33.40726578115257,-111.94784149698428,351.2973648365587,2.817732046628781,0
2025-04-14 10:54:50,102,33.40726751818093,-111.94779038002518,351.4004942616448,3.917628604513726,0
2025-04-14 10:54:51,103,33.407266814055696,-111.94773935397895,352.050714308396,4.483894762114895,0
2025-04-14 10:54:52,103,33.40727747554637,-111.94769709021183,351.78329609613866,4.353951748753976,0
2025-04-14 10:54:53,104,33.407287310899285,-111.94767100237284,352.04325953125954,3.3987173343725603,0
2025-04-14 10:54:54,104,33.4072780193369,-111.94766164537204,351.1323577417061,1.957757325131432,0
2025-04-14 10:54:55,106,33.40726346795799,-111.94767035032152,352.5661183530465,0.8446936212176906,0
2025-04-14 10:54:56,108,33.40726265364163,-111.94768235651156,352.5996471690014,0.36610069918974386,0
2025-04-14 10:54:57,112,33.40726828465637,-111.94768651880578,352.75827055145055,0.29635929701725294,0
2025-04-14 10:54:58,116,33.407268825274244,-111.94768941799971,352.86889290902764,0.16676877629720557,0
2025-04-14 10:54:59,118,33.407268442223895,-111.94768918205988,353.0464148269966,0.14487093638954487,0
2025-04-14 10:55:00,120,33.40726899185569,-111.94768825958012,353.17834601178765,0.15270789406772362,0
2025-04-14 10:55:01,120,33.4072711567997,-111.94768829368199,353.16172740608454,0.16270718762236874,0
2025-04-14 10:55:02,120,33.40727012298427,-111.94768816659322,353.0704532340169,0.0,0
2025-04-14 10:55:03,119,33.40727013426201,-111.9476876415137,353.02052091248333,0.058311851332230415,0
2025-04-14 10:55:04,118,33.40727651517052,-111.94768932266683,352.92680430598557,0.331060360662307,0
2025-04-14 10:55:05,117,33.40729919498393,-111.94768204415695,353.0449293870479,1.1871751904483219,0
2025-04-14 10:55:06,116,33.407337430529374,-111.94767253562787,353.06636351905763,2.772043825148783,0
2025-04-14 10:55:07,115,33.40736781784871,-111.94767952832619,353.3368398658931,3.118829540333549,0
2025-04-14 10:55:08,114,33.407403628403216,-111.94770378202449,353.37273543607444,3.8034203522085157,0
2025-04-14 10:55:09,113,33.407441740445734,-111.94772288933503,353.29799930844456,4.298707192230038,0
2025-04-14 10:55:10,111,33.407486196511634,-111.94774486633885,352.9492614874616,4.879354238420053,0
2025-04-14 10:55:11,110,33.40753643467897,-111.94777071839786,352.5462925694883,5.507080682414241,0
2025-04-14 10:55:12,109,33.4075945881677,-111.94777132753336,352.98835925292224,5.886489701956994,0
2025-04-14 10:55:13,109,33.407651562196754,-111.94776707658845,352.7333374591544,6.067552404153669,0
2025-04-14 10:55:14,108,33.40771207909342,-111.94777096897971,352.42936758417636,6.405390406829653,0
2025-04-14 10:55:15,108,33.40777374714984,-111.94776437825986,352.5815614871681,6.606156688406386,0
2025-04-14 10:55:16,107,33.407838606493975,-111.9477608930626,352.43944503739476,6.951780360365269,0
2025-04-14 10:55:17,108,33.407902828140784,-111.94776068653536,352.1894862279296,7.083264005465394,0
2025-04-14 10:55:18,108,33.40796800859356,-111.94776376967287,352.22879252862185,7.1935119479320315,0
2025-04-14 10:55:19,109,33.408034776905,-111.94776141162139,352.1104432307184,7.325544634076074,0
2025-04-14 10:55:20,109,33.408100937351435,-111.94776489566007,352.08949154336005,7.344476881406906,0
2025-04-14 10:55:21,109,33.40816822145291,-111.94776458141405,352.1085614580661,7.416767266737539,0
2025-04-14 10:55:22,111,33.408234640296044,-111.94776312799529,351.9957272019237,7.424673021260394,0
2025-04-14 10:55:23,112,33.4083020726892,-111.94776525190986,352.03649806417525,7.454525537565439,0
2025-04-14 10:55:24,113,33.40836887377928,-111.94776842096655,351.7868618257344,7.432930931587314,0
2025-04-14 10:55:25,113,33.40843414597742,-111.94780302649083,351.86871165037155,7.326142785934198,0
2025-04-14 10:55:26,114,33.40850109099931,-111.94780410572554,351.9591709934175,7.3316898400586785,0
2025-04-14 10:55:27,114,33.40856876173078,-111.94780432649175,352.00880730710924,7.402809247095333,0
2025-04-14 10:55:28,114,33.40863593113712,-111.94780432649155,351.9863656014204,7.385514287919259,0
2025-04-14 10:55:29,114,33.40870240246652,-111.94780432649105,351.90362791344523,7.33802104469697,0
2025-04-14 10:55:30,113,33.408759783316036,-111.94780432648908,351.5917137544602,7.010833992395996,0
2025-04-14 10:55:31,113,33.40878242117832,-111.9477907075983,351.9263494582847,6.084483835918967,0
2025-04-14 10:55:32,115,33.40874170217267,-111.94760087676174,351.5308844484389,5.607092788072051,0
2025-04-14 10:55:33,118,33.408756715016736,-111.94753636612903,351.6014952706173,5.721996795427306,0
2025-04-14 10:55:34,122,33.40874618972286,-111.94746987934145,351.7432484738529,6.085695311957673,0
2025-04-14 10:55:35,125,33.40874772259517,-111.94740366939021,351.8322096420452,6.188921682018725,0
2025-04-14 10:55:36,127,33.40874973653062,-111.94733358277226,351.80250981263816,6.4193570825728195,0
2025-04-14 10:55:37,129,33.40875316305012,-111.94726239833307,351.61684993933886,6.578501743514214,0
2025-04-14 10:55:38,130,33.408740321734406,-111.94719076035821,352.21102965064347,6.667366083261704,0
2025-04-14 10:55:39,130,33.40874007332662,-111.94711696076943,352.06694209668785,6.8036677234699665,0
2025-04-14 10:55:40,131,33.4087433171004,-111.94704459919505,352.2863871427253,6.840920924191744,0
2025-04-14 10:55:41,130,33.408737757353,-111.94697001125894,352.2924478985369,6.945856668417923,0
2025-04-14 10:55:42,130,33.40874083537391,-111.9468949017485,352.2435331484303,6.9795378623802815,0
2025-04-14 10:55:43,129,33.408741152912526,-111.9468208186411,352.3337084557861,6.955436268532547,0
2025-04-14 10:55:44,129,33.40874135723291,-111.94674543687152,352.31789924856275,6.996303550650082,0
2025-04-14 10:55:45,129,33.408742414374856,-111.94666918623226,352.2260142797604,7.059454619978346,0
2025-04-14 10:55:46,129,33.408740122188156,-111.94659427857212,352.152915969491,7.0351708964510316,0
2025-04-14 10:55:47,128,33.40874444826838,-111.94651770274065,352.4279798893258,7.10513746827631,0
2025-04-14 10:55:48,128,33.40874282256796,-111.94644295386543,352.359533268027,7.050623862086498,0
2025-04-14 10:55:49,127,33.40874036719082,-111.9463674957123,352.3889654520899,7.042913133986145,0
2025-04-14 10:55:50,127,33.40874199396507,-111.94629255726466,352.29274469520897,7.019873718545266,0
2025-04-14 10:55:51,127,33.408746061501745,-111.94621801290613,352.1641111029312,6.986392186905143,0
2025-04-14 10:55:52,127,33.40874443885744,-111.94614173488591,352.3467727294192,7.043050283158555,0
2025-04-14 10:55:53,127,33.408745879978134,-111.94606586957029,352.384267937392,7.071203990318516,0
2025-04-14 10:55:54,128,33.40874669523809,-111.9459901920194,352.29062880575657,7.021449493989413,0
2025-04-14 10:55:55,128,33.40874417250112,-111.94591458179885,352.38974654953927,7.056814713470476,0
2025-04-14 10:55:56,128,33.40874117652924,-111.9458391340778,352.30567983631045,7.044244040173046,0
2025-04-14 10:55:57,127,33.4087478568713,-111.9457648952261,352.4629324981943,6.988305979869297,0
2025-04-14 10:55:58,127,33.4087471383568,-111.94569173713674,352.331236156635,6.9038385021464075,0
2025-04-14 10:55:59,127,33.40873738496802,-111.94561704848518,352.2300427714363,6.960184854189268,0
2025-04-14 10:56:00,127,33.40873767165922,-111.9455419549042,352.145362556912,6.98241755224113,0
2025-04-14 10:56:01,129,33.40874351823667,-111.94546661670527,352.2898067208007,6.9968442554767725,0
2025-04-14 10:56:02,130,33.40874353203407,-111.94539302204032,352.50658347364515,6.9262254924107385,0
2025-04-14 10:56:03,131,33.40874292960784,-111.9453171612894,352.5007519321516,7.000640947734168,0
2025-04-14 10:56:04,132,33.408743352810674,-111.94524138367646,352.6295143831521,7.027190618734778,0
2025-04-14 10:56:05,132,33.40874563570621,-111.94516643619974,352.64661023020744,7.002561013053397,0
2025-04-14 10:56:06,132,33.408744808544085,-111.94509233902896,352.8291834583506,6.947464700651302,0
2025-04-14 10:56:07,132,33.40873990197167,-111.94501699229623,352.8142409371212,6.979613096672591,0
2025-04-14 10:56:08,131,33.40874591695931,-111.94494116233912,352.92593927308917,7.027772109300091,0
2025-04-14 10:56:09,131,33.408747479335034,-111.94486765627978,352.88786201830953,6.920601734861376,0
2025-04-14 10:56:10,130,33.408747327327234,-111.94479203804262,352.8351802844554,6.978554402958744,0
2025-04-14 10:56:11,129,33.40874257986097,-111.94471632516368,352.93247964419425,7.0340753397901095,0
2025-04-14 10:56:12,128,33.408741367304025,-111.94464053766984,352.9252553768456,7.057081991525511,0
2025-04-14 10:56:13,128,33.40874004940467,-111.94456353522556,353.00729735568166,7.107141590571902,0
2025-04-14 10:56:14,128,33.40873906094475,-111.94449682259045,352.9742357544601,6.585552970194573,0
2025-04-14 10:56:15,128,33.4087381979743,-111.94443622005127,352.9872769834474,6.053259438521134,0
2025-04-14 10:56:16,128,33.40874404954232,-111.9443805535495,353.19359938334674,5.5746112293038586,0
2025-04-14 10:56:17,128,33.4087608065183,-111.94433607756575,353.1912390291691,4.87663382546583,0
2025-04-14 10:56:18,127,33.40874695852201,-111.94430373325902,353.38010344747454,4.419117717885334,0
2025-04-14 10:56:19,126,33.408755645647254,-111.94428494386614,353.52353968378156,4.601193697389544,0
2025-04-14 10:56:20,126,33.408881165188035,-111.94427721745758,353.80451179947704,4.96920830470224,0
2025-04-14 10:56:21,127,33.40893029441729,-111.94427098367859,353.51869274582714,5.239982140450262,0
2025-04-14 10:56:22,128,33.40898249767058,-111.94425900037106,353.3194314604625,5.624332317054781,0
2025-04-14 10:56:23,130,33.40904074206621,-111.94426377904796,353.3722235010937,6.068292293246635,0
2025-04-14 10:56:24,131,33.409098509768334,-111.94425616865527,353.95008668955415,6.289837677481841,0
2025-04-14 10:56:25,131,33.40916275995285,-111.94425039504783,356.19744060281664,6.736249116262722,0
2025-04-14 10:56:26,131,33.409223880032414,-111.94425058211031,355.1517397938296,6.782743230781362,0
2025-04-14 10:56:27,129,33.409288458675526,-111.94424824599545,354.82864943053573,6.955497240938413,0
2025-04-14 10:56:28,128,33.409351696904245,-111.94425004585496,354.7927566226572,6.98019251705229,0
2025-04-14 10:56:29,128,33.40941679402608,-111.94425564399549,354.861620712094,7.104977788437805,0
2025-04-14 10:56:30,128,33.40947899019062,-111.9442627808482,353.20914799068123,6.968076612524962,0
2025-04-14 10:56:31,129,33.40954620940369,-111.94426060210475,353.83103608712554,7.192374187421433,0
2025-04-14 10:56:32,129,33.40961178641368,-111.94425534405755,353.98221100959927,7.22936794815319,0
2025-04-14 10:56:33,129,33.40967881439258,-111.9442597417722,354.1778985001147,7.319826431301285,0
2025-04-14 10:56:34,130,33.40974332522465,-111.94426133348725,354.04125438351184,7.20240116966222,0
2025-04-14 10:56:35,130,33.409809730201324,-111.94425740329487,354.14066649321467,7.240405006786426,0
2025-04-14 10:56:36,130,33.4098723023681,-111.94426354230697,353.6735588097945,7.086827762213823,0
2025-04-14 10:56:37,131,33.409937745769476,-111.94427869912519,353.6253572786227,7.20877400795901,0
2025-04-14 10:56:38,131,33.410005038573296,-111.94427986146414,353.54736648406833,7.329294924909792,0
2025-04-14 10:56:39,131,33.410071060058534,-111.94426625822256,353.75823685899377,7.313705058572937,0
2025-04-14 10:56:40,132,33.41013597124167,-111.94426103383117,353.53688046801835,7.2562795273916665,0
2025-04-14 10:56:41,133,33.410201507942595,-111.94425723937682,353.68446000665426,7.271664678792419,0
2025-04-14 10:56:42,135,33.41026723296988,-111.94426598347752,353.4618122363463,7.2970559091869625,0
2025-04-14 10:56:43,136,33.41033195402396,-111.94426301225943,353.5861759549007,7.230070960891978,0
2025-04-14 10:56:44,137,33.41039783525584,-111.94425591570457,353.6849688626826,7.285752975307796,0
2025-04-14 10:56:45,138,33.41046388690961,-111.94425070379363,353.5455338386819,7.3147061831123565,0
2025-04-14 10:56:46,139,33.41053171522218,-111.94424942684807,353.6666763285175,7.416826403051944,0
2025-04-14 10:56:47,140,33.41059700827986,-111.94424539460907,353.5704903881997,7.332396118876224,0
2025-04-14 10:56:48,142,33.41066320361219,-111.94424281372092,353.58897828124464,7.3396196373218885,0
2025-04-14 10:56:49,143,33.41073086860542,-111.9442411434136,353.73137683141977,7.402897515407612,0
2025-04-14 10:56:50,144,33.4107964397066,-111.94423672585658,353.63012472353876,7.350255952178368,0
2025-04-14 10:56:51,145,33.41086361638707,-111.94423377982321,353.76258087623864,7.382148619737401,0
2025-04-14 10:56:52,145,33.41093056934553,-111.94423648558453,353.9811521396041,7.381345844370547,0
2025-04-14 10:56:53,145,33.41099780396196,-111.9442452072645,353.75187119003385,7.456576631456287,0
2025-04-14 10:56:54,145,33.411062966231704,-111.94424817944004,353.7317437855527,7.336209384368923,0
2025-04-14 10:56:55,145,33.411129432535226,-111.94424216637778,353.7154075335711,7.334265515301516,0
2025-04-14 10:56:56,145,33.41119537209423,-111.94423821487368,353.3040698952973,7.321800716857628,0
2025-04-14 10:56:57,145,33.41126195514335,-111.94424361756043,353.3559188246727,7.3499451427039295,0
2025-04-14 10:56:58,145,33.41132721273392,-111.9442462582042,353.22920128609985,7.289169733083271,0
2025-04-14 10:56:59,146,33.41139276168645,-111.94423842471238,353.3709982447326,7.300292379948804,0
2025-04-14 10:57:00,146,33.411458547188865,-111.94424130951526,353.49211277626455,7.295226982135348,0
2025-04-14 10:57:01,146,33.41152388769531,-111.94424369234945,353.57301339972764,7.273639475801226,0
2025-04-14 10:57:02,147,33.411588781723786,-111.94424210757794,353.76338900253177,7.223030174367336,0
2025-04-14 10:57:03,147,33.411653635725756,-111.94424583571667,353.4854763774201,7.21864209709078,0
2025-04-14 10:57:04,147,33.41171827530323,-111.94424613440542,353.56423302646726,7.199035480251432,0
2025-04-14 10:57:05,147,33.41177815269215,-111.94424890972645,352.4945616433397,6.890058405412097,0
2025-04-14 10:57:06,147,33.41184465095061,-111.94424504992669,352.8957851678133,7.104280082240977,0
2025-04-14 10:57:07,147,33.41191045223317,-111.94424619462286,352.9329287689179,7.229075093485409,0
2025-04-14 10:57:08,147,33.41197545204298,-111.9442468780361,353.22615432273597,7.251252465555459,0
2025-04-14 10:57:09,147,33.41203860032972,-111.94424263344479,353.20111272484064,7.14407066058112,0
2025-04-14 10:57:10,148,33.41210433051526,-111.94424278977367,353.22258075419813,7.252928775628409,0
2025-04-14 10:57:11,147,33.41216801803257,-111.94424495625694,353.38160255365074,7.1291610902962175,0
2025-04-14 10:57:12,147,33.412232647021526,-111.94424701854477,353.28792669810355,7.153644878340922,0
2025-04-14 10:57:13,146,33.41229851350384,-111.94424641204898,353.54135987348855,7.2216666830509135,0
2025-04-14 10:57:14,147,33.41236284324279,-111.94424209151599,353.86181283183396,7.180169754669025,0
2025-04-14 10:57:15,148,33.41242571260771,-111.9442437278988,353.41711544804275,7.098377809945415,0
2025-04-14 10:57:16,150,33.41249077003518,-111.94425202374329,353.5596702694893,7.134602689313103,0
2025-04-14 10:57:17,151,33.412554528619246,-111.9442541514675,353.627564182505,7.071233396135427,0
2025-04-14 10:57:18,152,33.4126178268335,-111.94425436416302,353.54427546821535,7.056402121695716,0
2025-04-14 10:57:19,153,33.41268134770695,-111.94425185177546,353.3072432363406,7.0154274963666445,0
2025-04-14 10:57:20,153,33.41273122002322,-111.94424937596143,353.4833835968748,6.144067887973432,0
2025-04-14 10:57:21,153,33.41278221318559,-111.9442429926998,353.4031348256394,5.921709598823553,0
2025-04-14 10:57:22,152,33.41283872415681,-111.94424852529343,353.29283158574253,6.0774702995602325,0
2025-04-14 10:57:23,151,33.412900809665615,-111.94425501121293,353.6916736597195,6.502968637928334,0
2025-04-14 10:57:24,150,33.41296295950457,-111.94425163821961,353.72224806807935,6.719980469101885,0
2025-04-14 10:57:25,150,33.41302470189185,-111.94424410415921,353.51218667719513,6.810501137202318,0
2025-04-14 10:57:26,149,33.41308657086071,-111.94424389230946,353.5744061227888,6.8189434497367225,0
2025-04-14 10:57:27,149,33.41315152517742,-111.94424815574966,353.2645881921053,7.026924367529672,0
2025-04-14 10:57:28,149,33.41321525570735,-111.94425176055869,353.4193029087037,7.067120873741976,0
2025-04-14 10:57:29,149,33.413280295908386,-111.94425289851024,353.4703369177878,7.132671393203541,0
2025-04-14 10:57:30,150,33.4133448948723,-111.94425701744001,353.4208848234266,7.143943161639324,0
2025-04-14 10:57:31,151,33.413410318900944,-111.94426342137525,353.46292422991246,7.192736746595344,0
2025-04-14 10:57:32,152,33.41347489982628,-111.94426473943135,353.25027528591454,7.173679924075771,0
2025-04-14 10:57:33,154,33.4135381378272,-111.94426626118776,353.2757907640189,7.08997888719295,0
2025-04-14 10:57:34,156,33.41360430345482,-111.94425946376681,353.3595748944208,7.217758073610779,0
2025-04-14 10:57:35,158,33.413668698424715,-111.94426444438518,353.51048105210066,7.19590960215811,0
2025-04-14 10:57:36,159,33.413734392357235,-111.94426686873354,353.563711929135,7.264926330851714,0
2025-04-14 10:57:37,160,33.41380075605272,-111.94427027053935,353.70321905240417,7.29789178944064,0
2025-04-14 10:57:38,161,33.41386609303251,-111.94427370589031,353.68828507326543,7.252560135870263,0
2025-04-14 10:57:39,163,33.41393089014832,-111.94427340237034,353.5127983475104,7.19328710929655,0
2025-04-14 10:57:40,164,33.41399654684372,-111.94427591728389,353.4506941251457,7.242096565015272,0
2025-04-14 10:57:41,165,33.41406200206096,-111.94427186298073,353.5252407165244,7.244563078216224,0
2025-04-14 10:57:42,165,33.414128726111876,-111.94426727719772,353.45955369155854,7.330915155498817,0
2025-04-14 10:57:43,165,33.414194538062425,-111.94426175573295,353.2322707688436,7.340225182548302,0
2025-04-14 10:57:44,165,33.41425944752926,-111.94424799424002,353.3625868828967,7.319932657061805,0
2025-04-14 10:57:45,165,33.41432458985521,-111.94424406608117,353.45425323490053,7.274106663739629,0
2025-04-14 10:57:46,165,33.414391239042644,-111.94424276835018,353.22510445676744,7.317117871263668,0
2025-04-14 10:57:47,166,33.41445326387862,-111.94424129755384,353.23967189341784,7.034486110501361,0
2025-04-14 10:57:48,168,33.414501679537324,-111.94423337105133,353.25344547163695,6.082254609385521,0
2025-04-14 10:57:49,170,33.414547545242726,-111.94423219043598,353.54543569870293,5.5012385349513115,0
2025-04-14 10:57:50,173,33.41458579939912,-111.94421938860201,353.20619159564376,4.816198814208164,0
2025-04-14 10:57:51,176,33.414622948153294,-111.94421482833178,353.1143378354609,4.688484944077986,0
2025-04-14 10:57:52,178,33.414617424237726,-111.94411376376306,353.0782084418461,4.8812547040232115,0
2025-04-14 10:57:53,178,33.414607218056936,-111.94405457380546,353.04609494190663,5.121639298613506,0
2025-04-14 10:57:54,178,33.414611602674,-111.94399538900967,353.30328538641334,5.3822832781847865,0
2025-04-14 10:57:55,177,33.41462546490781,-111.94393836450206,353.26676182821393,5.477534545817719,0
2025-04-14 10:57:56,176,33.41463880585143,-111.94388149583816,353.4190659588203,5.495851787400551,0
2025-04-14 10:57:57,175,33.41465408309351,-111.94382680595609,353.4267683206126,5.4528399995113475,0
2025-04-14 10:57:58,174,33.41466046706458,-111.94376907746782,353.5224007796496,5.435561599560488,0
2025-04-14 10:57:59,174,33.41466440940092,-111.94371131038892,353.86727186106145,5.392533555445596,0
2025-04-14 10:58:00,174,33.41467274831339,-111.94365417708367,354.13665966689587,5.409058583377912,0
2025-04-14 10:58:01,173,33.41468011519561,-111.94359682180723,353.7834460940212,5.433741648252713,0
2025-04-14 10:58:02,173,33.41467879604146,-111.9435354868245,354.21265602111816,5.584588642743013,0
2025-04-14 10:58:03,171,33.41468110519383,-111.9434802212537,354.1768820602447,5.38392697304483,0
2025-04-14 10:58:04,170,33.41468734946106,-111.94341713882862,353.71410441119224,5.6808884941587605,0
2025-04-14 10:58:05,169,33.41468475727021,-111.94335356674273,354.1562924794853,5.842141557269054,0
2025-04-14 10:58:06,169,33.41468250964232,-111.9432835819198,354.0026984605938,6.2477468740220585,0
2025-04-14 10:58:07,169,33.414680695372105,-111.94321139595486,353.9846701808274,6.527240967804368,0
2025-04-14 10:58:08,169,33.414684260998165,-111.94313868840754,353.61770780570805,6.670980810779304,0
2025-04-14 10:58:09,168,33.414687236074535,-111.9430643799416,353.8020022781566,6.830489708382311,0
2025-04-14 10:58:10,168,33.414687611875145,-111.9429872956584,353.6398936333135,7.033011660084703,0
2025-04-14 10:58:11,167,33.41468561379743,-111.94290718734703,353.58034717291594,7.264945257779685,0
2025-04-14 10:58:12,166,33.41468425462698,-111.94282860064963,353.30545829981565,7.31028270723768,0
2025-04-14 10:58:13,164,33.414698970573774,-111.94274658745545,354.41554751060903,7.557659571326649,0
2025-04-14 10:58:14,163,33.4146934994801,-111.94266873170999,353.8466097228229,7.385313227110986,0
2025-04-14 10:58:15,163,33.41469121330623,-111.94258904333658,353.5237743863836,7.397851546648518,0
2025-04-14 10:58:16,164,33.41469098317505,-111.94251153432074,353.6654246067628,7.3264241327512725,0
2025-04-14 10:58:17,165,33.41469001504828,-111.94243561923392,353.7268996872008,7.216938524923636,0
2025-04-14 10:58:18,166,33.41468903251741,-111.94236000785837,354.21912509948015,7.155356786393234,0
2025-04-14 10:58:19,167,33.41469280929851,-111.94228706895547,353.8721295474097,6.962697293472231,0
2025-04-14 10:58:20,167,33.41469391109047,-111.94221564543972,353.8608474759385,6.806449793149259,0
2025-04-14 10:58:21,166,33.41469365420811,-111.94213780777842,353.75781160220504,6.9858263225447095,0
2025-04-14 10:58:22,165,33.41468936590911,-111.94206454423697,353.10855017695576,6.887855907813669,0
2025-04-14 10:58:23,163,33.41468951575885,-111.94198652092979,353.2802941929549,6.991648860846113,0
2025-04-14 10:58:24,162,33.41469137063109,-111.9419137906402,352.95932861138135,6.867553110325744,0
2025-04-14 10:58:25,161,33.414692489807145,-111.94183802470448,352.80315464083105,6.969332471601748,0
2025-04-14 10:58:26,160,33.41469020404215,-111.94176535023529,352.4610548503697,6.854425636685034,0
2025-04-14 10:58:27,159,33.41468980535707,-111.94168611738885,352.83849653042853,7.0678747413132905,0
2025-04-14 10:58:28,158,33.4146897683263,-111.94161017426157,352.8823096305132,7.045066348600196,0
2025-04-14 10:58:29,157,33.41469359244903,-111.94153389795974,352.8943914640695,7.049814051084442,0
2025-04-14 10:58:30,157,33.41469543505591,-111.94145795328812,353.47637111879885,7.020793773586262,0
2025-04-14 10:58:31,157,33.41469196218238,-111.9413817313447,353.59137434046715,7.011055914299812,0
2025-04-14 10:58:32,158,33.41468973446534,-111.94130540500528,353.55010137241334,7.032127178420316,0
2025-04-14 10:58:33,160,33.414689840027286,-111.94122989338746,353.5425670016557,7.031358800563326,0
2025-04-14 10:58:34,162,33.41469256132519,-111.94115520651471,353.56409566290677,6.963158156169375,0
2025-04-14 10:58:35,163,33.414693950795616,-111.94107987641793,353.46905301790684,6.958534144515796,0
2025-04-14 10:58:36,165,33.41469383735839,-111.94100342648383,353.4660506378859,7.011468459747727,0
2025-04-14 10:58:37,167,33.41469363052245,-111.94092725773142,353.58942542318255,7.039783621399211,0
2025-04-14 10:58:38,168,33.414694928036305,-111.94085147150193,353.722146095708,7.022147388522805,0
2025-04-14 10:58:39,169,33.41469796354635,-111.9407749810506,353.6332782963291,7.0361076035395484,0
2025-04-14 10:58:40,168,33.41469774311702,-111.94069880922277,353.6333396397531,7.0563125809612615,0
2025-04-14 10:58:41,167,33.414696762675625,-111.9406224619429,353.7676768479869,7.0507064305495,0
2025-04-14 10:58:42,166,33.41469686442847,-111.94054542728938,354.0817482667044,7.105519963210276,0
2025-04-14 10:58:43,164,33.41471342938219,-111.94047026861847,354.1602234002203,7.06530136902253,0
2025-04-14 10:58:44,163,33.41471432852728,-111.94038906727958,355.3236462334171,7.349825166209839,0
2025-04-14 10:58:45,163,33.41471509795864,-111.94031957975233,355.0746214957908,6.95705961441891,0
2025-04-14 10:58:46,163,33.41469826050517,-111.94024535546272,354.6722330339253,6.847892473161818,0
2025-04-14 10:58:47,164,33.41469851838207,-111.94018705537265,355.049875497818,5.988501719769626,0
2025-04-14 10:58:48,164,33.41469871794998,-111.940144710625,354.9455672958866,4.837311607920196,0
2025-04-14 10:58:49,165,33.41469886043942,-111.94011447699394,354.9614906767383,3.6783631934091456,0
2025-04-14 10:58:50,166,33.41469898330447,-111.94008840720107,354.8315051868558,2.935226188736398,0
2025-04-14 10:58:51,166,33.41469905529447,-111.94007313237104,355.22970345336944,2.0976755643752028,0
2025-04-14 10:58:52,166,33.414699030064554,-111.9400784854634,354.3525286624208,0.5974939919907593,0
2025-04-14 10:58:53,166,33.414698994833984,-111.94008596066693,353.9922179719433,0.148532257472308,0
2025-04-14 10:58:54,165,33.41469899792576,-111.94008530466736,354.1130362097174,0.1053874476242674,0
2025-04-14 10:58:55,164,33.414699008569144,-111.940083046285,353.9627823382616,0.10894631311310242,0
2025-04-14 10:58:56,163,33.41469903146496,-111.94007818817202,353.8288383092731,0.2289427772115754,0
2025-04-14 10:58:57,161,33.41469902815001,-111.94007889157649,353.8955378914252,0.06868898104910078,0
2025-04-14 10:58:58,160,33.41469902315996,-111.94007995040214,353.9743089042604,0.0,0
2025-04-14 10:58:59,158,33.41469903053428,-111.94007838569136,353.75036638695747,0.09642122921058122,0
2025-04-14 10:59:00,156,33.414699030530144,-111.94007838655455,353.9022479010746,0.00497183085774661,0
2025-04-14 10:59:01,154,33.41469903436466,-111.94007757294409,353.90833615045995,0.03696786366806856,0
2025-04-14 10:59:02,152,33.41469904046667,-111.94007627821135,353.9479587189853,0.035916496505272004,0
2025-04-14 10:59:03,151,33.41469904411778,-111.94007550351684,353.9512789621949,0.028911514010777045,0
